apps-MOE-MOE-Attack_inject.ihex , 10 , 7
apps-MOE-MOE-Attack_replay.ihex , 12 , 5
apps-MOE-MOE-BaseStation.ihex , 12 , 5
apps-MOE-MOE-BroadCast.ihex , 10 , 7
apps-tests-LinkBench.ihex , 10 , 7
apps-tests-RadioStress.ihex , 10 , 7
apps-tests-TestAdc.ihex , 7 , 10
apps-tests-TestAM.ihex , 10 , 7
apps-tests-TestEui.ihex , 8 , 9
apps-tests-TestLocalTime.ihex , 8 , 9
apps-tests-TestLpl.ihex , 10 , 7
apps-tests-TestNetwork.ihex , 13 , 4
apps-tests-TestNetworkLpl.ihex , 13 , 4
apps-tests-TestPowerManager.ihex , 6 , 11
apps-tests-TestPowerup.ihex , 6 , 11
apps-tests-TestPrintf.ihex , 8 , 9
apps-tests-TestScheduler.ihex , 6 , 11
apps-tests-TestSerialPrintf.ihex , 8 , 9
apps-tests-TestSrp.ihex , 10 , 7
apps-tests-TestTimerSync.ihex , 10 , 7
apps-tests-TestTymo.ihex , 10 , 7
apps-tutorials-BlinkConfig.ihex , 10 , 7
apps-tutorials-BlinkFail.ihex , 6 , 11
apps-tutorials-BlinkTask.ihex , 6 , 11
apps-tutorials-PacketParrot.ihex , 10 , 7
apps-tutorials-Printf.ihex , 8 , 9
apps-tutorials-SharedResourceDemo.ihex , 6 , 11
BEACon-EnABlED-TEstAssoCiAtE-CoorDinAtor.ihEx , 10 , 7
BEACon-EnABlED-TEstAssoCiAtE-DEviCE.ihEx , 10 , 7
BEACon-EnABlED-TEstDAtA-CoorDinAtor.ihEx , 10 , 7
BEACon-EnABlED-TEstDAtA-DEviCE.ihEx , 10 , 7
BEACon-EnABlED-TEstGTS-CoorDinAtor.ihEx , 10 , 7
BEACon-EnABlED-TEstGTS-DEviCE.ihEx , 10 , 7
BEACon-EnABlED-TEstInDirECt-CoorDinAtor.ihEx , 10 , 7
BEACon-EnABlED-TEstInDirECt-DEviCE.ihEx , 10 , 7
BEACon-EnABlED-TEstMultihop-DEviCE.ihEx , 10 , 7
BEACon-EnABlED-TEstMultihop-pAnCoorD.ihEx , 10 , 7
BEACon-EnABlED-TEstMultihop-routEr.ihEx , 10 , 7
BEACon-EnABlED-TEstStArtSynC-CoorDinAtor.ihEx , 10 , 7
BEACon-EnABlED-TEstStArtSynC-DEviCE.ihEx , 10 , 7
cc2420-TestSecurity-BaseStation.ihex , 12 , 5
cc2420-TestSecurity-RadioCountToLeds1.ihex , 10 , 7
nonBEACon-EnABlED-TEstACtivESCAn-CoorDinAtor.ihEx , 10 , 7
nonBEACon-EnABlED-TEstACtivESCAn-DEviCE.ihEx , 10 , 7
nonBEACon-EnABlED-TEstAssoCiAtE-CoorDinAtor.ihEx , 10 , 7
nonBEACon-EnABlED-TEstAssoCiAtE-DEviCE.ihEx , 10 , 7
nonBEACon-EnABlED-TEstInDirECtDAtA-CoorDinAtor.ihEx , 10 , 7
nonBEACon-EnABlED-TEstInDirECtDAtA-DEviCE.ihEx , 10 , 7
STMS-Coordinator-PWD-Test-src.ihex , 12 , 5
STMS-Coordinator-src.ihex , 12 , 5
STMS-EndDevice-PWD-Test-src.ihex , 10 , 7
STMS-EndDevice-src.ihex , 10 , 7
tests-arbiters-TestFcfsArbiter.ihex , 6 , 11
tests-arbiters-TestRoundRobinArbiter.ihex , 6 , 11
tests-cc2420-LplBroadcastPeriodicDelivery.ihex , 10 , 7
tests-cc2420-LplUnicastPeriodicDelivery.ihex , 10 , 7
tests-cc2420-TestAcks.ihex , 10 , 7
tests-deluge-Basestation.ihex , 13 , 4
tests-deluge-Blink.ihex , 11 , 6
tests-deluge-GoldenImage.ihex , 13 , 4
tests-deluge-SerialBlink.ihex , 13 , 4
tests-msp430-Adc12.ihex , 8 , 9
tests-msp430-AdcSimple.ihex , 7 , 10
tests-storage-Block.ihex , 10 , 7
tests-storage-CircularLog.ihex , 10 , 7
tests-storage-Config.ihex , 10 , 7
tests-storage-Log.ihex , 10 , 7
tests-storage-SyncLog.ihex , 10 , 7
tests-telosb-TestUserButton.ihex , 8 , 9
tests-TestFtsp-FtspLpl.ihex , 10 , 7
tests-TestFtsp-FtspLplBeaconer.ihex , 10 , 7
tests-TestLed-BlinkLed.ihex , 6 , 11
tests-TestLed-LedColor.ihex , 8 , 9
tests-TestLed-MultiLed.ihex , 8 , 9
tests-TestLed-MultiLedSingle.ihex , 6 , 11
tests-tkn154-packetsniffer.ihex , 12 , 5
tinyos-main-apps-BaseStation.ihex , 12 , 5
tinyos-main-apps-Blink.ihex , 6 , 11
tinyos-main-apps-MultihopOscilloscope.ihex , 13 , 4
tinyos-main-apps-MultihopOscilloscopeLqi.ihex , 13 , 4
tinyos-main-apps-Null.ihex , 6 , 11
tinyos-main-apps-Oscilloscope.ihex , 11 , 6
tinyos-main-apps-Powerup.ihex , 6 , 11
tinyos-main-apps-PPPSniffer.ihex , 10 , 7
tinyos-main-apps-Sense.ihex , 7 , 10
tinyos-main-apps-TCPEcho.ihex , 10 , 7
tinyos-main-apps-UDPEcho.ihex , 12 , 5
tkn154-nonbeacon-enabled-TestPromiscuous.ihex , 12 , 5
tutorials-LowPowerSensing-Base.ihex , 12 , 5
tutorials-LowPowerSensing-Sampler.ihex , 10 , 7
tutorials-RssiDemo-InterceptBase.ihex , 12 , 5
tutorials-RssiDemo-RssiBase.ihex , 12 , 5
tutorials-RssiDemo-SendingMote.ihex , 10 , 7
