apps-MOE-MOE-Attack_inject.ihex,0x0a,0x45,0x4e,0x72,0x0a,0x45,0x0a,0x45,0x56,0x71,0xec,0x70,0xce,0x70,0x0a,0x45,0x58,0x73,0xfc,0x72,0x0a,0x45,0x0a,0x45,0x30,0x71,0x12,0x71,0x0a,0x45,0x00,0x40
apps-MOE-MOE-Attack_replay.ihex,0xf4,0x45,0x50,0x7c,0x02,0x7e,0x7c,0x7d,0x58,0x7b,0xee,0x7a,0xd0,0x7a,0xf4,0x45,0x5a,0x7d,0xfe,0x7c,0xf4,0x45,0xf4,0x45,0x32,0x7b,0x14,0x7b,0xf4,0x45,0x00,0x40
apps-MOE-MOE-BaseStation.ihex,0xf4,0x45,0x4a,0x7c,0xfc,0x7d,0x76,0x7d,0x52,0x7b,0xe8,0x7a,0xca,0x7a,0xf4,0x45,0x54,0x7d,0xf8,0x7c,0xf4,0x45,0xf4,0x45,0x2c,0x7b,0x0e,0x7b,0xf4,0x45,0x00,0x40
apps-MOE-MOE-BroadCast.ihex,0x0a,0x45,0x24,0x74,0x0a,0x45,0x0a,0x45,0x2c,0x73,0xc2,0x72,0xa4,0x72,0x0a,0x45,0x2e,0x75,0xd2,0x74,0x0a,0x45,0x0a,0x45,0x06,0x73,0xe8,0x72,0x0a,0x45,0x00,0x40
apps-tests-LinkBench.ihex,0xca,0x44,0x6c,0x83,0xca,0x44,0xca,0x44,0x78,0x82,0x0e,0x82,0xf0,0x81,0xca,0x44,0x76,0x84,0x1a,0x84,0xca,0x44,0xca,0x44,0x52,0x82,0x34,0x82,0xca,0x44,0x00,0x40
apps-tests-RadioStress.ihex,0x1e,0x45,0xfc,0x68,0x1e,0x45,0x1e,0x45,0x08,0x68,0x9e,0x67,0x80,0x67,0x1e,0x45,0x06,0x6a,0xaa,0x69,0x1e,0x45,0x1e,0x45,0xe2,0x67,0xc4,0x67,0x1e,0x45,0x00,0x40
apps-tests-TestAdc.ihex,0x4a,0x44,0x4a,0x44,0x4a,0x44,0x4a,0x44,0x4a,0x44,0x58,0x5b,0x3a,0x5b,0xc2,0x5b,0x4a,0x44,0x4a,0x44,0x4a,0x44,0x4a,0x44,0x9c,0x5b,0x7e,0x5b,0x4a,0x44,0x00,0x40
apps-tests-TestAM.ihex,0x0e,0x45,0xf6,0x66,0x0e,0x45,0x0e,0x45,0x04,0x66,0x9a,0x65,0x7c,0x65,0x0e,0x45,0x00,0x68,0xa4,0x67,0x0e,0x45,0x0e,0x45,0xde,0x65,0xc0,0x65,0x0e,0x45,0x00,0x40
apps-tests-TestEui.ihex,0x52,0x44,0x52,0x44,0x6c,0x58,0xe6,0x57,0x52,0x44,0xf6,0x4f,0xd8,0x4f,0x52,0x44,0x52,0x44,0x52,0x44,0x52,0x44,0x52,0x44,0x3a,0x50,0x1c,0x50,0x52,0x44,0x00,0x40
apps-tests-TestLocalTime.ihex,0x22,0x44,0x22,0x44,0x44,0x54,0xbe,0x53,0x22,0x44,0x54,0x53,0x36,0x53,0x22,0x44,0x22,0x44,0x22,0x44,0x22,0x44,0x22,0x44,0x98,0x53,0x7a,0x53,0x22,0x44,0x00,0x40
apps-tests-TestLpl.ihex,0x0a,0x45,0x3c,0x6d,0x0a,0x45,0x0a,0x45,0x4a,0x6c,0xe0,0x6b,0xc2,0x6b,0x0a,0x45,0x46,0x6e,0xea,0x6d,0x0a,0x45,0x0a,0x45,0x24,0x6c,0x06,0x6c,0x0a,0x45,0x00,0x40
apps-tests-TestNetwork.ihex,0xb0,0x46,0x86,0x9f,0xa0,0xa2,0x1a,0xa2,0x94,0x9e,0x2a,0x9e,0x0c,0x9e,0xb2,0xa0,0x90,0xa0,0x34,0xa0,0xb0,0x46,0xb0,0x46,0x6e,0x9e,0x50,0x9e,0xb0,0x46,0x00,0x40
apps-tests-TestNetworkLpl.ihex,0x62,0x46,0x6c,0x9e,0x86,0xa1,0x00,0xa1,0x7a,0x9d,0x10,0x9d,0xf2,0x9c,0x98,0x9f,0x76,0x9f,0x1a,0x9f,0x62,0x46,0x62,0x46,0x54,0x9d,0x36,0x9d,0x62,0x46,0x00,0x40
apps-tests-TestPowerManager.ihex,0x8a,0x40,0x8a,0x40,0x8a,0x40,0x8a,0x40,0x8a,0x40,0xb8,0x63,0x1a,0x63,0x8a,0x40,0x8a,0x40,0x8a,0x40,0x8a,0x40,0x8a,0x40,0x2a,0x67,0xde,0x63,0x8a,0x40,0x00,0x40
apps-tests-TestPowerup.ihex,0xbc,0x43,0xbc,0x43,0xbc,0x43,0xbc,0x43,0xbc,0x43,0xf4,0x44,0xd6,0x44,0xbc,0x43,0xbc,0x43,0xbc,0x43,0xbc,0x43,0xbc,0x43,0x38,0x45,0x1a,0x45,0xbc,0x43,0x00,0x40
apps-tests-TestPrintf.ihex,0x54,0x44,0x54,0x44,0x6a,0x56,0xe4,0x55,0x54,0x44,0xbc,0x4f,0x9e,0x4f,0x54,0x44,0x54,0x44,0x54,0x44,0x54,0x44,0x54,0x44,0x00,0x50,0xe2,0x4f,0x54,0x44,0x00,0x40
apps-tests-TestScheduler.ihex,0x8a,0x40,0x8a,0x40,0x8a,0x40,0x8a,0x40,0x8a,0x40,0x66,0x55,0xc8,0x54,0x8a,0x40,0x8a,0x40,0x8a,0x40,0x8a,0x40,0x8a,0x40,0x22,0x56,0x8c,0x55,0x8a,0x40,0x00,0x40
apps-tests-TestSerialPrintf.ihex,0xd0,0x42,0xd0,0x42,0x0a,0x46,0xb8,0x45,0xd0,0x42,0x4a,0x45,0x2c,0x45,0xd0,0x42,0xd0,0x42,0xd0,0x42,0xd0,0x42,0xd0,0x42,0x8e,0x45,0x70,0x45,0xd0,0x42,0x00,0x40
apps-tests-TestSrp.ihex,0x74,0x45,0xc0,0x6b,0x74,0x45,0x74,0x45,0xce,0x6a,0x64,0x6a,0x46,0x6a,0x74,0x45,0xca,0x6c,0x6e,0x6c,0x74,0x45,0x74,0x45,0xa8,0x6a,0x8a,0x6a,0x74,0x45,0x00,0x40
apps-tests-TestTimerSync.ihex,0x10,0x45,0x04,0x68,0x10,0x45,0x10,0x45,0x12,0x67,0xa8,0x66,0x8a,0x66,0x10,0x45,0x0e,0x69,0xb2,0x68,0x10,0x45,0x10,0x45,0xec,0x66,0xce,0x66,0x10,0x45,0x00,0x40
apps-tests-TestTymo.ihex,0x84,0x45,0x2e,0x8d,0x84,0x45,0x84,0x45,0x3c,0x8c,0xd2,0x8b,0xb4,0x8b,0x84,0x45,0x1a,0x8e,0xdc,0x8d,0x84,0x45,0x84,0x45,0x16,0x8c,0xf8,0x8b,0x84,0x45,0x00,0x40
apps-tutorials-BlinkConfig.ihex,0x32,0x44,0x32,0x44,0xb6,0x65,0x30,0x65,0x32,0x44,0x48,0x64,0x2a,0x64,0x32,0x44,0x0e,0x65,0xb2,0x64,0x32,0x44,0x32,0x44,0x8c,0x64,0x6e,0x64,0x32,0x44,0x00,0x40
apps-tutorials-BlinkFail.ihex,0xe2,0x43,0xe2,0x43,0xe2,0x43,0xe2,0x43,0xe2,0x43,0x90,0x49,0x72,0x49,0xe2,0x43,0xe2,0x43,0xe2,0x43,0xe2,0x43,0xe2,0x43,0xd4,0x49,0xb6,0x49,0xe2,0x43,0x00,0x40
apps-tutorials-BlinkTask.ihex,0xf0,0x43,0xf0,0x43,0xf0,0x43,0xf0,0x43,0xf0,0x43,0xc2,0x48,0xa4,0x48,0xf0,0x43,0xf0,0x43,0xf0,0x43,0xf0,0x43,0xf0,0x43,0x06,0x49,0xe8,0x48,0xf0,0x43,0x00,0x40
apps-tutorials-PacketParrot.ihex,0x46,0x45,0x62,0x76,0x46,0x45,0x46,0x45,0x70,0x75,0x06,0x75,0xe8,0x74,0x46,0x45,0x4e,0x77,0x10,0x77,0x46,0x45,0x46,0x45,0x4a,0x75,0x2c,0x75,0x46,0x45,0x00,0x40
apps-tutorials-Printf.ihex,0x52,0x44,0x52,0x44,0x7e,0x56,0xf8,0x55,0x52,0x44,0xbc,0x4f,0x9e,0x4f,0x52,0x44,0x52,0x44,0x52,0x44,0x52,0x44,0x52,0x44,0x00,0x50,0xe2,0x4f,0x52,0x44,0x00,0x40
apps-tutorials-SharedResourceDemo.ihex,0xda,0x43,0xda,0x43,0xda,0x43,0xda,0x43,0xda,0x43,0xf8,0x4b,0xda,0x4b,0xda,0x43,0xda,0x43,0xda,0x43,0xda,0x43,0xda,0x43,0x3c,0x4c,0x1e,0x4c,0xda,0x43,0x00,0x40
BEACon-EnABlED-TEstAssoCiAtE-CoorDinAtor.ihEx,0xE2,0x44,0x64,0x9B,0xE2,0x44,0xE2,0x44,0x64,0x9A,0xFA,0x99,0xDC,0x99,0xE2,0x44,0x6E,0x9C,0x12,0x9C,0xE2,0x44,0xE2,0x44,0x3E,0x9A,0x20,0x9A,0xE2,0x44,0x00,0x40
BEACon-EnABlED-TEstAssoCiAtE-DEviCE.ihEx,0x30,0x45,0x30,0x9A,0x30,0x45,0x30,0x45,0x30,0x99,0xC6,0x98,0xA8,0x98,0x30,0x45,0x3A,0x9B,0xDE,0x9A,0x30,0x45,0x30,0x45,0x0A,0x99,0xEC,0x98,0x30,0x45,0x00,0x40
BEACon-EnABlED-TEstDAtA-CoorDinAtor.ihEx,0xE4,0x44,0x6E,0x98,0xE4,0x44,0xE4,0x44,0x6E,0x97,0x04,0x97,0xE6,0x96,0xE4,0x44,0x78,0x99,0x1C,0x99,0xE4,0x44,0xE4,0x44,0x48,0x97,0x2A,0x97,0xE4,0x44,0x00,0x40
BEACon-EnABlED-TEstDAtA-DEviCE.ihEx,0x1E,0x45,0x26,0x98,0x1E,0x45,0x1E,0x45,0x26,0x97,0xBC,0x96,0x9E,0x96,0x1E,0x45,0x30,0x99,0xD4,0x98,0x1E,0x45,0x1E,0x45,0x00,0x97,0xE2,0x96,0x1E,0x45,0x00,0x40
BEACon-EnABlED-TEstGTS-CoorDinAtor.ihEx,0x26,0x45,0xB4,0xB4,0x26,0x45,0x26,0x45,0xB4,0xB3,0x4A,0xB3,0x2C,0xB3,0x26,0x45,0xBE,0xB5,0x62,0xB5,0x26,0x45,0x26,0x45,0x8E,0xB3,0x70,0xB3,0x26,0x45,0x00,0x40
BEACon-EnABlED-TEstGTS-DEviCE.ihEx,0x16,0x45,0xD0,0x9C,0x16,0x45,0x16,0x45,0xD0,0x9B,0x66,0x9B,0x48,0x9B,0x16,0x45,0xDA,0x9D,0x7E,0x9D,0x16,0x45,0x16,0x45,0xAA,0x9B,0x8C,0x9B,0x16,0x45,0x00,0x40
BEACon-EnABlED-TEstInDirECt-CoorDinAtor.ihEx,0xE4,0x44,0xD6,0x95,0xE4,0x44,0xE4,0x44,0xD6,0x94,0x6C,0x94,0x4E,0x94,0xE4,0x44,0xE0,0x96,0x84,0x96,0xE4,0x44,0xE4,0x44,0xB0,0x94,0x92,0x94,0xE4,0x44,0x00,0x40
BEACon-EnABlED-TEstInDirECt-DEviCE.ihEx,0xE4,0x44,0x02,0x95,0xE4,0x44,0xE4,0x44,0x02,0x94,0x98,0x93,0x7A,0x93,0xE4,0x44,0x0C,0x96,0xB0,0x95,0xE4,0x44,0xE4,0x44,0xDC,0x93,0xBE,0x93,0xE4,0x44,0x00,0x40
BEACon-EnABlED-TEstMultihop-DEviCE.ihEx,0x30,0x45,0xB8,0x9A,0x30,0x45,0x30,0x45,0xB8,0x99,0x4E,0x99,0x30,0x99,0x30,0x45,0xC2,0x9B,0x66,0x9B,0x30,0x45,0x30,0x45,0x92,0x99,0x74,0x99,0x30,0x45,0x00,0x40
BEACon-EnABlED-TEstMultihop-pAnCoorD.ihEx,0xDE,0x44,0x96,0xA0,0xDE,0x44,0xDE,0x44,0x96,0x9F,0x2C,0x9F,0x0E,0x9F,0xDE,0x44,0xA0,0xA1,0x44,0xA1,0xDE,0x44,0xDE,0x44,0x70,0x9F,0x52,0x9F,0xDE,0x44,0x00,0x40
BEACon-EnABlED-TEstMultihop-routEr.ihEx,0x56,0x45,0x2A,0xB0,0x56,0x45,0x56,0x45,0x2A,0xAF,0xC0,0xAE,0xA2,0xAE,0x56,0x45,0x34,0xB1,0xD8,0xB0,0x56,0x45,0x56,0x45,0x04,0xAF,0xE6,0xAE,0x56,0x45,0x00,0x40
BEACon-EnABlED-TEstStArtSynC-CoorDinAtor.ihEx,0xE4,0x44,0xD0,0x92,0xE4,0x44,0xE4,0x44,0xD0,0x91,0x66,0x91,0x48,0x91,0xE4,0x44,0xDA,0x93,0x7E,0x93,0xE4,0x44,0xE4,0x44,0xAA,0x91,0x8C,0x91,0xE4,0x44,0x00,0x40
BEACon-EnABlED-TEstStArtSynC-DEviCE.ihEx,0xDA,0x44,0x60,0x8A,0xDA,0x44,0xDA,0x44,0x60,0x89,0xF6,0x88,0xD8,0x88,0xDA,0x44,0x6A,0x8B,0x0E,0x8B,0xDA,0x44,0xDA,0x44,0x3A,0x89,0x1C,0x89,0xDA,0x44,0x00,0x40
cc2420-TestSecurity-BaseStation.ihex,0xea,0x45,0xea,0x7b,0x9c,0x7d,0x16,0x7d,0xf2,0x7a,0x88,0x7a,0x6a,0x7a,0xea,0x45,0xf4,0x7c,0x98,0x7c,0xea,0x45,0xea,0x45,0xcc,0x7a,0xae,0x7a,0xea,0x45,0x00,0x40
cc2420-TestSecurity-RadioCountToLeds1.ihex,0x0e,0x45,0x0e,0x75,0x0e,0x45,0x0e,0x45,0x16,0x74,0xac,0x73,0x8e,0x73,0x0e,0x45,0x18,0x76,0xbc,0x75,0x0e,0x45,0x0e,0x45,0xf0,0x73,0xd2,0x73,0x0e,0x45,0x00,0x40
nonBEACon-EnABlED-TEstACtivESCAn-CoorDinAtor.ihEx,0xE4,0x44,0xCC,0x88,0xE4,0x44,0xE4,0x44,0xCC,0x87,0x62,0x87,0x44,0x87,0xE4,0x44,0xD6,0x89,0x7A,0x89,0xE4,0x44,0xE4,0x44,0xA6,0x87,0x88,0x87,0xE4,0x44,0x00,0x40
nonBEACon-EnABlED-TEstACtivESCAn-DEviCE.ihEx,0xE0,0x44,0x9E,0x89,0xE0,0x44,0xE0,0x44,0x9E,0x88,0x34,0x88,0x16,0x88,0xE0,0x44,0xA8,0x8A,0x4C,0x8A,0xE0,0x44,0xE0,0x44,0x78,0x88,0x5A,0x88,0xE0,0x44,0x00,0x40
nonBEACon-EnABlED-TEstAssoCiAtE-CoorDinAtor.ihEx,0xE4,0x44,0x2C,0x8B,0xE4,0x44,0xE4,0x44,0x2C,0x8A,0xC2,0x89,0xA4,0x89,0xE4,0x44,0x36,0x8C,0xDA,0x8B,0xE4,0x44,0xE4,0x44,0x06,0x8A,0xE8,0x89,0xE4,0x44,0x00,0x40
nonBEACon-EnABlED-TEstAssoCiAtE-DEviCE.ihEx,0x30,0x45,0x5C,0x8C,0x30,0x45,0x30,0x45,0x5C,0x8B,0xF2,0x8A,0xD4,0x8A,0x30,0x45,0x66,0x8D,0x0A,0x8D,0x30,0x45,0x30,0x45,0x36,0x8B,0x18,0x8B,0x30,0x45,0x00,0x40
nonBEACon-EnABlED-TEstInDirECtDAtA-CoorDinAtor.ihEx,0x12,0x45,0xDE,0x8B,0x12,0x45,0x12,0x45,0xDE,0x8A,0x74,0x8A,0x56,0x8A,0x12,0x45,0xE8,0x8C,0x8C,0x8C,0x12,0x45,0x12,0x45,0xB8,0x8A,0x9A,0x8A,0x12,0x45,0x00,0x40
nonBEACon-EnABlED-TEstInDirECtDAtA-DEviCE.ihEx,0xE4,0x44,0xE2,0x89,0xE4,0x44,0xE4,0x44,0xE2,0x88,0x78,0x88,0x5A,0x88,0xE4,0x44,0xEC,0x8A,0x90,0x8A,0xE4,0x44,0xE4,0x44,0xBC,0x88,0x9E,0x88,0xE4,0x44,0x00,0x40
STMS-Coordinator-PWD-Test-src.ihex,0x18,0x45,0xac,0x8d,0xfa,0x8b,0xa8,0x8b,0xac,0x8c,0x3a,0x8b,0x1c,0x8b,0x18,0x45,0xb6,0x8e,0x5a,0x8e,0x18,0x45,0x18,0x45,0x7e,0x8b,0x60,0x8b,0x18,0x45,0x00,0x40
STMS-Coordinator-src.ihex,0x18,0x45,0x8e,0x8e,0xdc,0x8c,0x8a,0x8c,0x8e,0x8d,0x1c,0x8c,0xfe,0x8b,0x18,0x45,0x98,0x8f,0x3c,0x8f,0x18,0x45,0x18,0x45,0x60,0x8c,0x42,0x8c,0x18,0x45,0x00,0x40
STMS-EndDevice-PWD-Test-src.ihex,0x44,0x45,0x66,0x96,0x44,0x45,0x44,0x45,0x60,0x95,0xf6,0x94,0xd8,0x94,0x44,0x45,0x70,0x97,0x14,0x97,0x44,0x45,0x44,0x45,0x3a,0x95,0x1c,0x95,0x44,0x45,0x00,0x40
STMS-EndDevice-src.ihex,0x44,0x45,0x28,0x97,0x44,0x45,0x44,0x45,0x22,0x96,0xb8,0x95,0x9a,0x95,0x44,0x45,0x32,0x98,0xd6,0x97,0x44,0x45,0x44,0x45,0xfc,0x95,0xde,0x95,0x44,0x45,0x00,0x40
tests-arbiters-TestFcfsArbiter.ihex,0x8a,0x40,0x8a,0x40,0x8a,0x40,0x8a,0x40,0x8a,0x40,0xcc,0x60,0x2e,0x60,0x8a,0x40,0x8a,0x40,0x8a,0x40,0x8a,0x40,0x8a,0x40,0x3e,0x64,0xf2,0x60,0x8a,0x40,0x00,0x40
tests-arbiters-TestRoundRobinArbiter.ihex,0x8a,0x40,0x8a,0x40,0x8a,0x40,0x8a,0x40,0x8a,0x40,0x3c,0x61,0x9e,0x60,0x8a,0x40,0x8a,0x40,0x8a,0x40,0x8a,0x40,0x8a,0x40,0xae,0x64,0x62,0x61,0x8a,0x40,0x00,0x40
tests-cc2420-LplBroadcastPeriodicDelivery.ihex,0x30,0x45,0xf0,0x6d,0x30,0x45,0x30,0x45,0xfe,0x6c,0x94,0x6c,0x76,0x6c,0x30,0x45,0xfa,0x6e,0x9e,0x6e,0x30,0x45,0x30,0x45,0xd8,0x6c,0xba,0x6c,0x30,0x45,0x00,0x40
tests-cc2420-LplUnicastPeriodicDelivery.ihex,0x32,0x45,0xa8,0x6d,0x32,0x45,0x32,0x45,0xb6,0x6c,0x4c,0x6c,0x2e,0x6c,0x32,0x45,0xb2,0x6e,0x56,0x6e,0x32,0x45,0x32,0x45,0x90,0x6c,0x72,0x6c,0x32,0x45,0x00,0x40
tests-cc2420-TestAcks.ihex,0x0c,0x45,0x4e,0x68,0x0c,0x45,0x0c,0x45,0x5c,0x67,0xf2,0x66,0xd4,0x66,0x0c,0x45,0x58,0x69,0xfc,0x68,0x0c,0x45,0x0c,0x45,0x36,0x67,0x18,0x67,0x0c,0x45,0x00,0x40
tests-deluge-Basestation.ihex,0xee,0x4f,0xd2,0xb2,0xbc,0xb5,0x36,0xb5,0xde,0xb1,0x74,0xb1,0x56,0xb1,0xe0,0xb3,0xbe,0xb3,0x80,0xb3,0xee,0x4f,0xee,0x4f,0xb8,0xb1,0x9a,0xb1,0xee,0x4f,0x00,0x40
tests-deluge-Blink.ihex,0xce,0x4f,0xd2,0xa0,0xce,0x4f,0xce,0x4f,0xde,0x9f,0x74,0x9f,0x56,0x9f,0xe0,0xa1,0xbe,0xa1,0x80,0xa1,0xce,0x4f,0xce,0x4f,0xb8,0x9f,0x9a,0x9f,0xce,0x4f,0x00,0x40
tests-deluge-GoldenImage.ihex,0x02,0x50,0x26,0xb1,0x10,0xb4,0x8a,0xb3,0x32,0xb0,0xc8,0xaf,0xaa,0xaf,0x34,0xb2,0x12,0xb2,0xd4,0xb1,0x02,0x50,0x02,0x50,0x0c,0xb0,0xee,0xaf,0x02,0x50,0x00,0x40
tests-deluge-SerialBlink.ihex,0x06,0x50,0xa4,0xab,0x8e,0xae,0x08,0xae,0xb0,0xaa,0x46,0xaa,0x28,0xaa,0xb2,0xac,0x90,0xac,0x52,0xac,0x06,0x50,0x06,0x50,0x8a,0xaa,0x6c,0xaa,0x06,0x50,0x00,0x40
tests-msp430-Adc12.ihex,0x8c,0x62,0x24,0x44,0x24,0x44,0x24,0x44,0x24,0x44,0x90,0x5f,0x72,0x5f,0xfa,0x5f,0x24,0x44,0x24,0x44,0x24,0x44,0x24,0x44,0xd4,0x5f,0xb6,0x5f,0x24,0x44,0x00,0x40
tests-msp430-AdcSimple.ihex,0xec,0x43,0xec,0x43,0xec,0x43,0xec,0x43,0xec,0x43,0x86,0x50,0x68,0x50,0xf0,0x50,0xec,0x43,0xec,0x43,0xec,0x43,0xec,0x43,0xca,0x50,0xac,0x50,0xec,0x43,0x00,0x40
tests-storage-Block.ihex,0x4e,0x44,0x4e,0x44,0x3a,0x62,0xb4,0x61,0x4e,0x44,0xcc,0x60,0xae,0x60,0x4e,0x44,0x92,0x61,0x36,0x61,0x4e,0x44,0x4e,0x44,0x10,0x61,0xf2,0x60,0x4e,0x44,0x00,0x40
tests-storage-CircularLog.ihex,0x76,0x44,0x76,0x44,0x2c,0x67,0xa6,0x66,0x76,0x44,0xbe,0x65,0xa0,0x65,0x76,0x44,0x84,0x66,0x28,0x66,0x76,0x44,0x76,0x44,0x02,0x66,0xe4,0x65,0x76,0x44,0x00,0x40
tests-storage-Config.ihex,0x68,0x44,0x68,0x44,0x72,0x69,0xec,0x68,0x68,0x44,0x04,0x68,0xe6,0x67,0x68,0x44,0xca,0x68,0x6e,0x68,0x68,0x44,0x68,0x44,0x48,0x68,0x2a,0x68,0x68,0x44,0x00,0x40
tests-storage-Log.ihex,0x76,0x44,0x76,0x44,0xf4,0x67,0x6e,0x67,0x76,0x44,0x86,0x66,0x68,0x66,0x76,0x44,0x4c,0x67,0xf0,0x66,0x76,0x44,0x76,0x44,0xca,0x66,0xac,0x66,0x76,0x44,0x00,0x40
tests-storage-SyncLog.ihex,0x5e,0x44,0x5e,0x44,0xa6,0x65,0x20,0x65,0x5e,0x44,0x38,0x64,0x1a,0x64,0x5e,0x44,0xfe,0x64,0xa2,0x64,0x5e,0x44,0x5e,0x44,0x7c,0x64,0x5e,0x64,0x5e,0x44,0x00,0x40
tests-telosb-TestUserButton.ihex,0x18,0x44,0x8a,0x4a,0x18,0x44,0x18,0x44,0xdc,0x49,0x72,0x49,0x54,0x49,0x18,0x44,0x18,0x44,0x18,0x44,0x18,0x44,0x18,0x44,0xb6,0x49,0x98,0x49,0x18,0x44,0x00,0x40
tests-TestFtsp-FtspLpl.ihex,0x76,0x45,0xd4,0x77,0x76,0x45,0x76,0x45,0xe2,0x76,0x78,0x76,0x5a,0x76,0x76,0x45,0xde,0x78,0x82,0x78,0x76,0x45,0x76,0x45,0xbc,0x76,0x9e,0x76,0x76,0x45,0x00,0x40
tests-TestFtsp-FtspLplBeaconer.ihex,0x06,0x45,0x66,0x6e,0x06,0x45,0x06,0x45,0x74,0x6d,0x0a,0x6d,0xec,0x6c,0x06,0x45,0x70,0x6f,0x14,0x6f,0x06,0x45,0x06,0x45,0x4e,0x6d,0x30,0x6d,0x06,0x45,0x00,0x40
tests-TestLed-BlinkLed.ihex,0xf0,0x43,0xf0,0x43,0xf0,0x43,0xf0,0x43,0xf0,0x43,0xa8,0x49,0x8a,0x49,0xf0,0x43,0xf0,0x43,0xf0,0x43,0xf0,0x43,0xf0,0x43,0xec,0x49,0xce,0x49,0xf0,0x43,0x00,0x40
tests-TestLed-LedColor.ihex,0x00,0x44,0x00,0x44,0x88,0x4b,0x36,0x4b,0x00,0x44,0xc8,0x4a,0xaa,0x4a,0x00,0x44,0x00,0x44,0x00,0x44,0x00,0x44,0x00,0x44,0x0c,0x4b,0xee,0x4a,0x00,0x44,0x00,0x40
tests-TestLed-MultiLed.ihex,0x24,0x44,0x24,0x44,0x78,0x4b,0x26,0x4b,0x24,0x44,0xb8,0x4a,0x9a,0x4a,0x24,0x44,0x24,0x44,0x24,0x44,0x24,0x44,0x24,0x44,0xfc,0x4a,0xde,0x4a,0x24,0x44,0x00,0x40
tests-TestLed-MultiLedSingle.ihex,0xfc,0x43,0xfc,0x43,0xfc,0x43,0xfc,0x43,0xfc,0x43,0xd0,0x49,0xb2,0x49,0xfc,0x43,0xfc,0x43,0xfc,0x43,0xfc,0x43,0xfc,0x43,0x14,0x4a,0xf6,0x49,0xfc,0x43,0x00,0x40
tests-tkn154-packetsniffer.ihex,0x6c,0x45,0xde,0x86,0x90,0x88,0x0a,0x88,0xde,0x85,0x74,0x85,0x56,0x85,0x6c,0x45,0xe8,0x87,0x8c,0x87,0x6c,0x45,0x6c,0x45,0xb8,0x85,0x9a,0x85,0x6c,0x45,0x00,0x40
tinyos-main-apps-BaseStation.ihex,0xf4,0x45,0x4c,0x73,0xfe,0x74,0x78,0x74,0x5a,0x72,0xf0,0x71,0xd2,0x71,0xf4,0x45,0x56,0x74,0xfa,0x73,0xf4,0x45,0xf4,0x45,0x34,0x72,0x16,0x72,0xf4,0x45,0x00,0x40
tinyos-main-apps-Blink.ihex,0xe2,0x43,0xe2,0x43,0xe2,0x43,0xe2,0x43,0xe2,0x43,0x7c,0x49,0x5e,0x49,0xe2,0x43,0xe2,0x43,0xe2,0x43,0xe2,0x43,0xe2,0x43,0xc0,0x49,0xa2,0x49,0xe2,0x43,0x00,0x40
tinyos-main-apps-MultihopOscilloscope.ihex,0x02,0x47,0xa8,0x9d,0x5a,0x9f,0xd4,0x9e,0xb4,0x9c,0xe2,0x9a,0xc4,0x9a,0x4c,0x9b,0xb2,0x9e,0x56,0x9e,0x02,0x47,0x02,0x47,0x26,0x9b,0x08,0x9b,0x02,0x47,0x00,0x40
tinyos-main-apps-MultihopOscilloscopeLqi.ihex,0xda,0x46,0x72,0x96,0x24,0x98,0x9e,0x97,0x7e,0x95,0xac,0x93,0x8e,0x93,0x16,0x94,0x7c,0x97,0x20,0x97,0xda,0x46,0xda,0x46,0xf0,0x93,0xd2,0x93,0xda,0x46,0x00,0x40
tinyos-main-apps-Null.ihex,0x8a,0x43,0x8a,0x43,0x8a,0x43,0x8a,0x43,0x8a,0x43,0xc2,0x44,0xa4,0x44,0x8a,0x43,0x8a,0x43,0x8a,0x43,0x8a,0x43,0x8a,0x43,0x06,0x45,0xe8,0x44,0x8a,0x43,0x00,0x40
tinyos-main-apps-Oscilloscope.ihex,0x52,0x45,0x98,0x78,0x52,0x45,0x52,0x45,0xa6,0x77,0x3c,0x77,0x1e,0x77,0xc4,0x79,0xa2,0x79,0x46,0x79,0x52,0x45,0x52,0x45,0x80,0x77,0x62,0x77,0x52,0x45,0x00,0x40
tinyos-main-apps-Powerup.ihex,0xbc,0x43,0xbc,0x43,0xbc,0x43,0xbc,0x43,0xbc,0x43,0xf4,0x44,0xd6,0x44,0xbc,0x43,0xbc,0x43,0xbc,0x43,0xbc,0x43,0xbc,0x43,0x38,0x45,0x1a,0x45,0xbc,0x43,0x00,0x40
tinyos-main-apps-PPPSniffer.ihex,0x80,0x46,0x16,0x73,0x80,0x46,0x80,0x46,0x14,0x72,0x68,0x71,0x4e,0x71,0x80,0x46,0x3a,0x74,0xc8,0x73,0x80,0x46,0x80,0x46,0xee,0x71,0xd0,0x71,0x80,0x46,0x00,0x40
tinyos-main-apps-Sense.ihex,0x0a,0x44,0x0a,0x44,0x0a,0x44,0x0a,0x44,0x0a,0x44,0xca,0x58,0xac,0x58,0x34,0x59,0x0a,0x44,0x0a,0x44,0x0a,0x44,0x0a,0x44,0x0e,0x59,0xf0,0x58,0x0a,0x44,0x00,0x40
tinyos-main-apps-TCPEcho.ihex,0x38,0x47,0x9e,0xa1,0x38,0x47,0x38,0x47,0xaa,0xa0,0x40,0xa0,0x22,0xa0,0x38,0x47,0xa8,0xa2,0x4c,0xa2,0x38,0x47,0x38,0x47,0x84,0xa0,0x66,0xa0,0x38,0x47,0x00,0x40
tinyos-main-apps-UDPEcho.ihex,0x5c,0x47,0x80,0xb5,0x02,0xb7,0xb0,0xb6,0x8c,0xb4,0x22,0xb4,0x04,0xb4,0x5c,0x47,0x8a,0xb6,0x2e,0xb6,0x5c,0x47,0x5c,0x47,0x66,0xb4,0x48,0xb4,0x5c,0x47,0x00,0x40
tkn154-nonbeacon-enabled-TestPromiscuous.ihex,0x48,0x45,0xc0,0x85,0x72,0x87,0xec,0x86,0xc0,0x84,0x7a,0x75,0x5c,0x75,0x48,0x45,0xca,0x86,0x6e,0x86,0x48,0x45,0x48,0x45,0xbe,0x75,0xa0,0x75,0x48,0x45,0x00,0x40
tutorials-LowPowerSensing-Base.ihex,0x4a,0x45,0xbe,0x7b,0x6e,0x7a,0xe8,0x79,0xca,0x7a,0x7e,0x79,0x60,0x79,0x4a,0x45,0xc8,0x7c,0x6c,0x7c,0x4a,0x45,0x4a,0x45,0xc2,0x79,0xa4,0x79,0x4a,0x45,0x00,0x40
tutorials-LowPowerSensing-Sampler.ihex,0x74,0x45,0x3c,0x7f,0x74,0x45,0x74,0x45,0x48,0x7e,0x7e,0x7d,0x60,0x7d,0x74,0x45,0x26,0x7e,0xe8,0x7d,0x74,0x45,0x74,0x45,0xc2,0x7d,0xa4,0x7d,0x74,0x45,0x00,0x40
tutorials-RssiDemo-InterceptBase.ihex,0xea,0x45,0xdc,0x72,0x8e,0x74,0x08,0x74,0xea,0x71,0x80,0x71,0x62,0x71,0xea,0x45,0xe6,0x73,0x8a,0x73,0xea,0x45,0xea,0x45,0xc4,0x71,0xa6,0x71,0xea,0x45,0x00,0x40
tutorials-RssiDemo-RssiBase.ihex,0xea,0x45,0xe6,0x72,0x98,0x74,0x12,0x74,0xf4,0x71,0x8a,0x71,0x6c,0x71,0xea,0x45,0xf0,0x73,0x94,0x73,0xea,0x45,0xea,0x45,0xce,0x71,0xb0,0x71,0xea,0x45,0x00,0x40
tutorials-RssiDemo-SendingMote.ihex,0x10,0x45,0x56,0x67,0x10,0x45,0x10,0x45,0x64,0x66,0xfa,0x65,0xdc,0x65,0x10,0x45,0x60,0x68,0x04,0x68,0x10,0x45,0x10,0x45,0x3e,0x66,0x20,0x66,0x10,0x45,0x00,0x40
